student_id,true_ability,final_estimate,estimation_error,score,total_items
1,-2,-0.9313074909772892,1.0686925090227108,4,8
2,-1,-0.9965565669981395,0.003443433001860452,3,8
3,0,-0.2544198578654127,0.2544198578654127,4,8
4,1,0.3403429288963466,0.6596570711036533,6,8
5,2,1.8015926611978368,0.1984073388021632,8,8
