item_id,difficulty,discrimination,guessing
item_1,2.2642384315677324,1.0,0.0
item_2,1.4446117065252269,1.0,0.0
item_3,1.1820944459716074,1.0,0.0
item_4,1.2149045039226554,1.0,0.0
item_5,-0.843053092681469,1.0,0.0
item_6,-1.2384489344130398,1.0,0.0
item_7,1.8561669328710817,1.0,0.0
item_8,1.8606803680750845,1.0,0.0
item_9,2.2024339114806217,1.0,0.0
item_10,2.479443315338828,1.0,0.0
